SA2_MAIN16,area.mean,area.max,area.min,area.sd,area.total,AREA_ALBERS_SQKM.mean,AREA_ALBERS_SQKM.max,AREA_ALBERS_SQKM.min,AREA_ALBERS_SQKM.sd,AREA_ALBERS_SQKM.total,Dwelling.mean,Dwelling.max,Dwelling.min,Dwelling.sd,Dwelling.total,Person.mean,Person.max,Person.min,Person.sd,Person.total,number_mesh_blocks
204011056,1.87588411714484,16.8496443434826,0.023973116680488,1.8680556683711091,365.797402843244,2.080488717948718,37.7955,0.007,6.019112546300052,405.6953,28.225641025641025,136,0,21.15481371396437,5504,69.66666666666667,179,0,50.10356970909859,13585,195
204011059,2.09413624920722,2.14294487302278,0.733883370966496,0.1983648487895749,232.449123662001,0.7115585585585585,27.4792,0.0095,3.2219624544527763,78.983,26.34234234234234,66,0,19.08902373592812,2924,55.414414414414416,198,0,42.524745409631464,6151,111
204011060,7.19360262144815,78.5039343644133,0.408685885268578,15.486809896035819,280.550502236478,22.576782051282052,386.2914,0.0116,61.547538324974,880.4945,23.333333333333332,61,0,18.605790458792423,910,52.43589743589744,176,0,47.28290826826321,2045,39
204011061,45.5336102096495,77.9836795408069,9.61507051080221,24.85291894720815,683.004153144742,57.08476,195.6199,0.0977,66.69979432261927,856.2714,8.333333333333334,51,0,14.738999126063318,125,12.4,62,0,19.8235069695407,186,15
204011062,14.3651354077463,20.0464918279408,8.68377898755175,8.034651302114554,28.7302708154925,9.89815,18.3007,1.4956,11.883000168518048,19.7963,0,0,0,0,0,0,0,0,0,0,2
206011105,11.0961632185588,13.6849109536761,10.1355887788603,0.8237253298541575,4016.81108511828,0.01416878453038674,0.0835,0.0015,0.010378944334524133,5.1291,33.83425414364641,177,0,25.000834071882537,12248,69.93093922651934,345,0,48.30911757284184,25315,362
206011106,12.5983684084377,14.1721354699765,10.7846470619054,0.9449215783527255,1839.3617876319,0.014688356164383562,0.0486,0.0017,0.009449988215821681,2.1445,38.986301369863014,443,0,54.3197412899951,5692,75.23972602739725,678,0,81.18342830681985,10985,146
206011107,11.4439176701316,12.0088106130458,10.6636587877486,0.2975517265107832,2311.67136936659,0.015443069306930693,0.0531,0.0015,0.009134248954638904,3.1195,32.584158415841586,217,0,23.60169794327572,6582,66.0990099009901,385,0,47.28804608458055,13352,202
206011108,10.4056077209138,11.5933578294612,8.00708575485421,0.6816700250537879,3361.01129385517,0.021230340557275542,0.0946,0.0025,0.012229803056587428,6.8574,33.188854489164086,241,0,24.2736392993057,10720,79.82972136222911,394,0,53.12132003110978,25785,323
206011109,10.6574669080166,11.7904910050132,9.05485922159734,0.6320952485200366,1225.60869442191,0.025571304347826087,0.0771,0.0011,0.012561768545292788,2.9407,32.495652173913044,72,0,20.705696272368378,3737,84.51304347826087,217,0,55.67644076667852,9719,115
206021110,13.849258847275,15.6362100307464,11.9625390936265,1.1295280235066103,1828.1021678403,0.021858333333333334,0.1003,0.0046,0.014719344086296401,2.8853,29.734848484848484,75,0,18.40837008781182,3925,67.5,193,0,43.42063040811554,8910,132
206021111,13.967847709028,16.3947209001416,12.1313107401697,0.8863119869508562,4818.90745961466,0.01771478260869565,0.1447,0.0017,0.014337395668675736,6.1116,31.620289855072464,134,0,20.71212275421105,10909,71.03768115942029,248,0,46.47018643351334,24508,345
206021112,12.1517932106631,15.5561495377061,10.3127581526834,1.163459373611442,3171.61802798306,0.0189272030651341,0.1857,0.0018,0.0157787999029659,4.94,32.37547892720306,98,0,17.425136912069355,8450,69.77011494252874,257,0,41.13496579724582,18210,261
206031113,10.9065937394436,11.5955594552879,9.91136640141522,0.41053493933476604,1985.00006057873,0.021077472527472527,0.2817,0.0023,0.026886464548114747,3.8361,36.494505494505496,210,0,27.27124793841958,6642,80.84615384615384,451,0,58.77382870739728,14714,182
206031114,9.92329383983885,11.7360420511202,8.45128284810889,0.624613796541482,3592.23237002166,0.023270441988950275,0.1188,0.0019,0.01392280595159889,8.4239,33.052486187845304,260,0,22.869375109553623,11965,75.5303867403315,401,0,47.41939262664522,27342,362
206031115,10.3468696482579,11.3000484817773,9.63746581778669,0.3999573443476542,1262.31809708747,0.012913934426229508,0.0621,0.0011,0.009837592895578453,1.5755,39.9344262295082,789,0,75.93382696642676,4872,82.31147540983606,1490,0,151.36585212504409,10042,122
206031116,10.8105748110493,11.5566443649393,9.99137498271489,0.28183496358257126,2118.87266296565,0.021954081632653062,0.4183,0.002,0.03197074838795003,4.303,31.908163265306122,96,0,19.25861072002639,6254,71.66836734693878,172,0,42.57189658517971,14047,196
206041117,16.2463009092566,17.4372978173802,14.9142199141667,0.6791290061364593,3200.52127912355,0.009230964467005076,0.2876,5e-4,0.02078770745435664,1.8185,53.53299492385787,821,0,93.6071642648091,10546,96.48730964467005,1344,0,149.57666825100765,19008,197
206041118,13.650956559973,14.4169139162011,13.1389759600806,0.28127382769607745,764.453567358487,0.04364285714285714,0.4687,0.0031,0.07135669646130019,2.444,116.42857142857143,820,0,188.14896005248386,6520,195.32142857142858,1420,0,318.5671390428116,10938,56
206041119,17.2729927698411,17.6366634569633,15.7630101502362,0.23836937264369787,1537.29635651586,0.03250561797752809,0.7064,0.0012,0.09635357515604909,2.8930000000000002,32.20224719101124,330,0,41.8504316734772,2866,53.97752808988764,481,0,66.95045276649297,4804,89
206041120,11.8739991240908,11.8739991240908,11.8739991240908,NA,11.8739991240908,1.7093,1.7093,1.7093,NA,1.7093,40,40,40,NA,40,85,85,85,NA,85,1
206041121,10.7960496668432,12.1625464576677,9.75593687071454,0.5267255274489403,1705.77584736123,0.013396835443037975,0.1537,0.0016,0.017101724205866285,2.1167,32.620253164556964,257,0,35.81313988566949,5154,67.12658227848101,456,0,63.47382570814697,10606,158
206041122,16.3323225247643,17.4948082977302,14.353983943393,0.9312030506575266,4295.40082401301,0.008907984790874525,0.0971,6e-4,0.009808469862212748,2.3428,84.87072243346007,1923,0,182.80703133205225,22321,141.4828897338403,3026,0,293.9325731023169,37210,263
206041123,13.7466363108198,15.8811667970083,11.4836607793069,0.9834407430480966,3134.23307886692,0.014228508771929825,0.2415,9e-4,0.018695280175759416,3.2441,45.31578947368421,499,0,58.60519977974826,10332,90.18859649122807,884,0,111.61096867036368,20563,228
206041124,12.5232720978993,15.1080870202065,10.6826468941786,1.3224466760280102,1102.04794461513,0.045868181818181815,0.5403,0.0027,0.09676052503914817,4.0363999999999995,27.431818181818183,194,0,30.50637598874311,2414,83.13636363636364,1593,0,178.91487617121305,7316,88
206041125,12.6210335643884,14.8341001303905,11.2723448398119,0.8653762331695237,1186.37715505251,0.01586595744680851,0.4316,0.0018,0.04585714037385003,1.4914,38.93617021276596,316,0,36.86091513710572,3660,64.25531914893617,460,0,55.16913118691062,6040,94
206041126,14.4892951105351,16.7434966894616,13.0051926239577,0.9696598409309615,1405.4616257219,0.03150309278350515,1.256,0.0018,0.12961541064948665,3.0558,117.29896907216495,703,0,154.43824041697957,11378,190.53608247422682,1117,0,239.3445503634035,18482,97
206041127,10.2545777205907,13.571765697937,7.91790670948736,1.36513851452061,133.309510367679,0.46783846153846154,1.4981,0.063,0.3575479444271811,6.0819,0.23076923076923078,3,0,0.8320502943378437,3,0.23076923076923078,3,0,0.8320502943378437,3,13
206051128,10.5525206415014,12.3030541651381,9.94003956570963,0.4598358949791116,2226.58185535679,0.02212085308056872,0.9645,0.0028,0.0840133325090059,4.6675,38.800947867298575,291,0,41.03643211832665,8187,72.56398104265404,498,0,67.01790401349137,15311,211
206051129,6.76078182777923,8.56468547616604,5.46777041618884,0.7166337749469236,1588.78372952812,0.010738297872340425,0.0865,0.0015,0.009082757055148988,2.5235,36.34468085106383,103,0,17.601607450275843,8541,64.12765957446808,152,0,31.134679198162683,15070,235
206051130,10.116856014461,12.1568671640823,6.86099834964995,1.3956272792861395,2023.3712028922,0.013839,0.1207,0.0013,0.011021339693667738,2.7678,44.2,364,0,54.78014532299125,8840,80.605,565,0,86.12436359721403,16121,200
206051131,9.56464719700401,13.1145971059249,6.92543281719927,2.101991191398681,439.973771062184,0.14933478260869565,0.9014,0.0094,0.20355129107087078,6.8694,0.15217391304347827,4,0,0.7293038173292489,7,0.21739130434782608,4,0,0.8409794152127591,10,46
206051132,11.885206162753,13.8279640163512,10.5297753459291,0.8499402649642008,2650.40097429391,0.011187443946188341,0.057,0.0015,0.008052559562600653,2.4948,30.210762331838566,480,0,54.2119254096683,6737,51.60986547085202,688,0,82.17853170631149,11509,223
206051133,9.63642806842563,11.4857598110629,6.54384071952455,1.0769525225906726,4143.66406942302,0.00899906976744186,0.1257,8e-4,0.012901415656398995,3.8696,37.70232558139535,430,0,35.331328757660124,16212,60.27209302325581,628,0,53.966603786789946,25917,430
206051134,10.0638286177516,11.8257123990708,6.57249833203874,1.3320638457234737,2576.34012614442,0.00937734375,0.0974,0.0013,0.008802697579797488,2.4006,35.1953125,92,0,17.114863895937663,9010,63.3125,169,0,32.999524654924656,16208,256
206061135,9.67025558816476,12.6129424110225,8.01884892773849,1.539868059648277,1489.21936057737,0.014118181818181818,0.071,0.0018,0.009602882563863496,2.1742,29.66883116883117,67,0,17.74181398084161,4569,57.94155844155844,147,0,36.08454795999189,8923,154
206061136,12.097443976009,13.1061011604902,11.2163067916137,0.3830624955303106,3774.4025205148,0.009277884615384615,0.0505,0.0011,0.005567746287879273,2.8947,36.25320512820513,325,0,31.94896436661549,11311,62.90384615384615,463,0,50.22730055949593,19626,312
206061137,13.2087280694111,14.4848504796751,12.1700516953067,0.5516649084537365,4068.28824537863,0.008160714285714285,0.0735,9e-4,0.00834287123629106,2.5135,42.26623376623377,500,0,69.06410582064399,13018,67.22077922077922,709,0,104.03665394880379,20704,308
206061138,12.4709079425381,14.5519069797107,7.92532944404611,1.664851783138341,2569.00703616284,0.020591747572815535,0.1043,0.0015,0.016274624265397716,4.2419,34.29611650485437,131,0,16.196497196315715,7065,62.49514563106796,151,0,29.080669561992725,12874,206
206071139,17.1493708466004,17.6349179708378,15.644855875121,0.38095834044693044,1886.43079312604,0.015822727272727273,0.0894,0.0021,0.01583870916741876,1.7405,39.81818181818182,576,0,87.58662101114602,4380,74.3,841,0,140.18228958012708,8173,110
206071140,14.4389693471331,15.164212029708,13.1567468477071,0.41017312880639567,1617.16456687891,0.02047857142857143,0.4757,0.0021,0.051595005395140545,2.2936,36.30357142857143,103,0,16.730960288490085,4066,74.59821428571429,203,0,36.015627194148685,8355,112
206071141,17.1170126638946,17.6236642485018,16.329176386381,0.27714346543736634,2105.39255765903,0.010301626016260163,0.0323,0.0013,0.006323168220978548,1.2671,37.73170731707317,430,0,62.8132899651141,4641,69.01626016260163,607,0,106.61305734165511,8489,123
206071142,16.4260041833138,17.290493790167,14.9249208190627,0.65548330794796,2890.97673626323,0.007829545454545455,0.0402,0.0016,0.0048122025629116555,1.378,29.585227272727273,318,0,41.384795109239896,5207,59.13636363636363,789,0,90.44268042002317,10408,176
206071143,15.0415396931072,16.2712281995885,13.7801632790913,0.5229957452464301,2662.35252567997,0.013997175141242938,0.1874,0.0022,0.01507914133292972,2.4775,34.16949152542373,228,0,28.27391538533808,6048,69.57627118644068,353,0,50.59482660508649,12315,177
206071144,15.7859246809725,17.6543938558593,12.1868847794859,0.8187936045717764,8571.75710176806,0.011291896869244936,0.1706,7e-4,0.014326433156429914,6.1315,29.193370165745858,403,0,40.60553413586214,15852,55.96500920810313,614,0,74.41623160408656,30389,543
206071145,16.2506890115605,17.6945638089206,13.243588194224,1.2356599703098776,2356.34990667627,0.03574551724137931,0.6306,0.0015,0.0706439556462452,5.1831000000000005,28.186206896551724,99,0,21.673712382264345,4087,62.186206896551724,167,0,47.091221493633526,9017,145
207011146,8.58278289051134,9.03975053307081,7.96217638125206,0.24509326184232447,884.026637722668,0.02753980582524272,0.0748,0.0035,0.014428133871736498,2.8366,28.57281553398058,63,0,19.196405883857416,2943,75.3495145631068,165,0,49.388358701745055,7761,103
207011147,10.9338443896231,13.0580825594033,8.79899811370273,0.7176310788795236,2383.57807693785,0.02539770642201835,0.0715,0.0033,0.013654757084204104,5.5367,30.325688073394495,112,0,18.184395516700118,6611,72.56880733944953,250,0,44.482558477556736,15820,218
207011148,13.4045543052451,16.2705848203164,10.9528581429683,1.5277626488304186,3016.02471868014,0.03879288888888889,0.2823,0.0066,0.023791806120848906,8.7284,33.01777777777778,61,0,16.913372890694585,7429,88.55111111111111,187,0,48.09846959912319,19924,225
207011149,8.02543586456596,10.6977485309596,6.91452179006528,0.6023603274912701,2182.91855516194,0.02625735294117647,0.0672,0.0012,0.012054284549198846,7.142,30.5625,139,0,19.603536986003917,8313,77.36397058823529,241,0,44.64649864214238,21043,272
207011150,8.11858342534361,8.84538139391791,7.26595262894828,0.3937801354459483,1664.30960219544,0.02765219512195122,0.1206,0.0028,0.014375856583548697,5.6687,30.463414634146343,296,0,25.347484657835313,6245,79.0439024390244,453,0,54.13194686108036,16204,205
207011151,13.067394996349,15.4374430853622,7.64634382187542,1.7478732266386419,4299.17295379884,0.01711063829787234,0.2797,9e-4,0.019019754875023175,5.6294,34.02127659574468,254,0,27.396637849168744,11193,69.1823708206687,526,0,52.81684464740784,22761,329
207011152,9.76319281880175,12.8236984108936,7.29465694569287,1.6687710679647458,1981.92814221676,0.018625615763546797,0.0796,0.0024,0.012679188295463929,3.781,34.65024630541872,267,0,30.42261465772297,7034,73.78817733990148,378,0,54.949837233680675,14979,203
207011153,14.5193940303727,17.2056118877687,12.4122490503517,0.7799830282707976,4936.59397032672,0.03088,0.3149,0.0016,0.03696330253796695,10.4992,30.358823529411765,312,0,23.905308745599868,10322,72.20882352941176,530,0,51.32285952785814,24551,340
207011154,14.483282855621,15.2392361750868,12.2733663173532,0.5790636662381881,1375.91187128399,0.04181052631578947,0.5884,0.003,0.07402772550428026,3.972,25.94736842105263,64,0,19.69413370970117,2465,66.45263157894736,165,0,52.30775712805011,6313,95
207011155,8.56710884681681,11.9570772976648,7.30578597324686,0.9962221536853252,1884.7639462997,0.025780454545454544,0.0563,0.0013,0.01255817257496416,5.6717,28.163636363636364,95,0,17.66586227481769,6196,73.65,276,0,49.38711356519401,16203,220
207021156,17.0155704877347,17.5212419443963,15.6841622521707,0.45014432371295815,2433.22657974606,0.046255944055944055,0.6808,0.0044,0.06920973494821724,6.6146,30.88111888111888,59,0,18.820684422187483,4416,75.96503496503496,180,0,48.31154945859549,10863,143
207021157,12.8093604311365,17.8688916785808,7.21934007957215,2.656133108216259,3279.19627037094,0.03411953125,0.529,0.0024,0.03821236030107813,8.7346,35.875,333,0,32.92415526630866,9184,80.23046875,442,0,53.69366276345731,20539,256
207021159,16.3950845497075,18.6779574350434,13.5297368500959,1.5938300731268533,3033.09064169589,0.0861227027027027,1.3463,0.0058,0.16842558743707936,15.9327,32.545945945945945,138,0,20.02387969230351,6021,88.38378378378378,252,0,52.638623990423326,16351,185
207021160,17.3878973184164,18.5823348678826,16.0857321305798,0.588307847490992,2625.57249508088,0.03932847682119205,0.5674,0.0077,0.04561011492711303,5.9386,35.158940397350996,68,0,16.455229245939535,5309,90.04635761589404,183,0,41.55227033481955,13597,151
207021424,13.6372731346583,15.9656400306826,8.54084699344362,1.9692539306460406,2195.60097467999,0.03959937888198758,0.2608,0.0036,0.025710577825319315,6.3755,32.57142857142857,117,0,18.795516182627935,5244,90.14285714285714,190,0,50.11173230178452,14513,161
207021425,8.65302322731039,12.6493187462184,7.33249632423852,1.3086662440179189,1540.23813446125,0.026171910112359552,0.0764,0.0022,0.011558844670475,4.6586,32.646067415730336,73,0,16.36703008223983,5811,77.5505617977528,178,0,41.86877839395812,13804,178
207031161,7.55662673636501,9.69071671789065,6.38268284315936,0.5172393441146753,2108.29885944584,0.030725806451612905,0.2773,0.0017,0.020654821078618484,8.5725,30.806451612903224,106,0,18.856476893017287,8595,76.38709677419355,224,0,48.27909692417975,21312,279
207031162,8.04198347326119,9.38471594066402,6.84558392020869,0.42924187486288057,908.744132478515,0.03133274336283186,0.0961,0.0053,0.013923377325805819,3.5406,36.61946902654867,216,0,23.05827965026523,4138,93.46017699115045,488,0,56.81141035388019,10561,113
207031163,8.14945216226167,8.75319180330903,7.39353352003836,0.2890752887582159,2314.44441408232,0.024690140845070423,0.2607,0.001,0.024624074834685494,7.0120000000000005,30.781690140845072,198,0,26.230324262468596,8742,69.74647887323944,357,0,51.377964315841034,19808,284
207031164,8.86338967085677,12.8028436032167,7.3446329464892,0.9138789034243886,1763.8145445005,0.0309678391959799,0.1476,0.0018,0.015408421901978315,6.1626,35.90954773869347,110,0,18.059158098000253,7146,87.17587939698493,197,0,44.78133428233904,17348,199
207031165,8.21333784039321,8.66547350080652,7.47230979727597,0.2939069615468678,1149.86729765505,0.03546785714285714,0.5782,0.0039,0.05362146470761049,4.9655000000000005,34.91428571428571,187,0,29.455853008604972,4888,85.72857142857143,403,0,61.226650855023244,12002,140
207031166,8.86686283458174,13.0501183623199,7.67044722468719,1.1726816405091354,1001.95550030774,0.03686991150442478,0.2049,0.0063,0.02841958544031284,4.1663,34.902654867256636,110,0,20.328096584429424,3944,87.38938053097345,193,0,49.479691654455316,9875,113
207031167,7.99602733747813,8.93937887866291,7.52178757600881,0.3035955039151321,935.535198484941,0.027903418803418803,0.0644,0.0017,0.012750442396813963,3.2647,33.46153846153846,74,0,15.913851297846586,3915,83.09401709401709,170,0,41.017234162959056,9722,117
208011168,6.61896815461629,9.45951837696949,4.89635929137139,1.2793701317456287,1111.98664997554,0.035286309523809525,0.7697,0.0015,0.061089266112820693,5.9281,31.5,89,0,20.29011145249062,5292,79.55357142857143,190,0,51.490683876704104,13365,168
208011169,4.66994413535198,6.32308485868295,3.46293541799341,0.7027178575129495,1531.74167639545,0.0247765243902439,0.2222,3e-4,0.018028495049636144,8.1267,30.96951219512195,157,0,21.68143663511581,10158,68.92073170731707,209,0,45.06352767004012,22606,328
208011170,5.80760414714093,9.18894642623592,4.73023417250827,0.798484047882673,1022.1383298968,0.031711363636363635,0.3564,0.0016,0.033344938127117564,5.5812,35.72159090909091,125,0,17.221142811679478,6287,89.3125,198,0,42.11506771419736,15719,176
208011171,9.16927185542384,10.9275546194756,7.08736008260321,1.0205016115336665,1375.39077831358,0.03529,0.5939,0.0034,0.05795780778481426,5.2935,30.613333333333333,145,0,21.39584939572751,4592,72,252,0,49.65370009260041,10800,150
208011172,6.95942092218329,9.93750861803463,4.39150961490068,1.3234863607765943,1468.43781458067,0.026735071090047392,0.2202,0.0034,0.017588075028530208,5.6411,35.04265402843602,141,0,21.86763384697686,7394,82.92417061611374,206,0,51.51998164049962,17497,211
208011173,6.44728219539842,7.75364731083095,5.39201722996917,0.4753499866954543,1515.11131591863,0.027077021276595746,0.4419,0.0042,0.033946796981119194,6.3631,29.995744680851065,370,0,30.270362627655242,7049,69.38723404255319,564,0,56.850822998881185,16306,235
208021174,8.34479867662159,11.4821150098751,5.84118599561457,1.4329367212161845,2336.54362945404,0.022211071428571427,0.0808,0.003,0.010501717845237171,6.2191,32.26428571428571,303,0,23.177238467956272,9034,79.85357142857143,295,0,46.22288981397352,22359,280
208021176,8.0747990766303,9.82964520537358,6.60793135162503,0.8877620473962067,1792.60539501193,0.017003603603603604,0.0858,0.0025,0.010429204799366838,3.7748,37.24324324324324,165,0,17.564987910428695,8268,80.87837837837837,273,0,35.24611054670659,17955,222
208021177,8.08310531993354,11.3525988034964,6.32795097228815,1.2796501548878965,2028.85943530332,0.025235856573705178,0.7053,0.0029,0.047985386829360314,6.3342,34.70517928286853,79,0,15.834163478622074,8711,82.0597609561753,242,0,40.61606103923212,20597,251
208021178,6.33740839727905,7.04633678307971,5.51514398509558,0.39116781357779384,1362.542805415,0.02205860465116279,0.1382,0.0043,0.013357136351098892,4.7426,33.8,76,0,13.609782078501443,7267,81.07441860465116,189,0,32.50483855443862,17431,215
208021179,6.08557328813073,7.35263326151102,5.3652053030176,0.4150926806150223,955.435006236525,0.01805668789808917,0.0802,0.0028,0.009791880950532635,2.8349,32.59235668789809,128,0,19.314852599719245,5117,71.24203821656052,183,0,39.61730411780479,11185,157
208021180,9.86766358252735,10.1913248808163,9.24363287761274,0.22724469644596354,888.089722427462,0.022243333333333334,0.0507,0.0059,0.00812771717746465,2.0019,34.544444444444444,105,0,15.257461693490814,3109,83.14444444444445,233,0,36.5880686363987,7483,90
208021181,9.50542520809626,10.0559275273552,8.5683909946301,0.342053965442079,1064.60762330678,0.022104464285714286,0.1062,0.0023,0.014022217816851139,2.4757,36.348214285714285,94,0,18.646889372465942,4071,81.44642857142857,194,0,43.66185365519271,9122,112
208021182,7.36227475396338,9.58160438039555,5.79053211303065,0.8397539056235782,1258.94898292774,0.017042105263157893,0.0658,0.0017,0.010342964884433245,2.9142,34.345029239766085,159,0,17.68260083259876,5873,77.32748538011695,282,0,39.728761312230674,13223,171
208021426,9.23514265962569,9.87403904190489,8.38530907425657,0.3495550430922862,1422.21196958236,0.029384415584415586,0.1291,0.0072,0.014296967683755313,4.5252,37.13636363636363,70,0,15.429819267838045,5719,94.14935064935065,222,0,43.3154989646429,14499,154
208021427,10.2197590573768,11.952335910074,8.78828329669564,0.8451079786157851,1420.54650897538,0.03300863309352518,0.3487,0.0081,0.030995917173901478,4.5882,38.064748201438846,80,0,15.015069065120578,5291,95.06474820143885,195,0,39.09468414012125,13214,139
208031183,12.619746709036,13.501221161312,11.0848344690899,0.5745494796633293,1110.53771039517,0.05874772727272727,0.5073,0.008,0.08745310201614694,5.1697999999999995,33.10227272727273,222,0,25.55680613071449,2913,98.55681818181819,314,0,54.98774324339057,8673,88
208031184,14.0739859950444,15.302033472339,12.2359781324598,0.7349496532775983,478.515523831511,0.2671147058823529,3.6878,0.0148,0.6149144937515041,9.081900000000001,0.2647058823529412,6,0,1.136417111041267,9,1.8529411764705883,25,0,5.411168881406457,63,34
208031185,8.04747532766848,9.31243713629942,7.1143191820378,0.3715259219576003,1681.92234348271,0.02773732057416268,0.3913,0.0022,0.031169666660220127,5.7971,24.913875598086126,211,0,23.175381683103446,5207,55.07655502392345,197,0,46.55883246369882,11511,209
208031186,8.69957425970144,10.498614685811,8.1399437666877,0.5731121360920176,2079.19824806864,0.022476987447698743,0.7682,0.0016,0.050874607071385906,5.372,28.615062761506277,180,0,19.024816364583614,6839,58.55230125523013,222,0,39.36081190206239,13994,239
208031187,10.9251313041381,13.3943047257208,8.87410310322048,1.1708352769286878,710.133534768976,0.049166153846153846,0.3118,0.003,0.05608670819845341,3.1958,32.246153846153845,194,0,27.269506074339915,2096,81.84615384615384,273,0,54.783446053880745,5320,65
208031188,11.3188209362631,13.0538201282737,9.6567199710067,0.8161064700668209,3429.60274368771,0.028400990099009902,0.3188,0.0046,0.024551473816578236,8.6055,31.953795379537954,212,0,21.701264431629365,9682,72.08580858085809,315,0,45.60381392267936,21842,303
208031189,10.4603492741107,12.2002566607002,8.4004845042047,0.7890762017259818,2092.06985482214,0.025330000000000002,0.456,8e-4,0.03600849983408789,5.066,26.385,103,0,19.892595400268764,5277,63.185,184,0,48.62533176696316,12637,200
208031190,9.86534826877583,13.6318854896708,8.27635333752409,1.4100559898918084,1973.06965375517,0.0218555,0.1439,0.0025,0.015113419433897962,4.3711,30.035,119,0,18.4900835843101,6007,64.105,195,0,39.44545212654225,12821,200
208031191,11.6399306954547,13.7153382846534,9.84982289870026,0.8170824615956919,1804.18925779548,0.07548193548387097,1.6207,0.0061,0.18799345335070336,11.6997,23.032258064516128,124,0,21.717614897038928,3570,56.74193548387097,197,0,51.21901517708142,8795,155
208031192,13.5914259434576,13.7038316973074,13.3679237844742,0.1935596546318582,40.7742778303728,1.0325333333333333,2.9975,0.0221,1.7019405698593983,3.0976,8.333333333333334,25,0,14.433756729740644,25,18.666666666666668,56,0,32.331615074619044,56,3
208031193,11.3769979644564,14.08358046527,8.49910621416181,1.3273790352796246,3344.83740155019,0.02686734693877551,0.6176,0.0027,0.038525134144546884,7.899,29.255102040816325,122,0,18.758558214946724,8601,67.76190476190476,215,0,46.389114489470245,19922,294
208041194,7.71904802390092,9.65301977111419,6.96934428880664,0.38378697477294693,2439.21917555269,0.019249683544303797,0.0796,0.001,0.013655850536227754,6.0829,28.651898734177216,120,0,19.07127057809019,9054,62.4746835443038,192,0,42.10458623997177,19742,316
208041195,7.64006057757686,10.1043869068698,6.57308263146697,1.0362936358477834,2192.69738576456,0.02598745644599303,0.295,0.0013,0.023749570098663852,7.4584,29.958188153310104,157,0,20.68135695202474,8598,73.11846689895471,219,0,49.440434321445146,20985,287
209011196,13.9767692567117,15.5341502272946,11.4506546737735,0.8825623762190858,1467.56077195472,0.03880857142857143,0.2493,0.0056,0.02780787144471353,4.0749,35.87619047619047,74,0,17.16307263490609,3767,94.5047619047619,250,0,50.06114027434619,9923,105
209011197,13.6605983927666,17.5701043346172,7.97458410741552,2.3853603024219363,3346.84660622781,0.0413869387755102,0.2008,0.002,0.02350597920133193,10.1398,32.587755102040816,116,0,18.37980039507312,7984,82.87346938775511,202,0,47.82614851487079,20304,245
209011198,16.3695529448914,17.4661227776174,13.3225256250228,0.7778246579935405,3257.54103603338,0.031166834170854273,0.1496,0.0017,0.019049963692736635,6.2022,31.44221105527638,137,0,21.151340839979106,6257,72.68341708542714,223,0,45.63508392929997,14464,199
209011199,14.5024822498824,16.5357718582486,9.85708995849001,1.5405488594487624,2929.50141447625,0.03268762376237624,0.2382,0.0049,0.028239457510627872,6.6029,31.143564356435643,84,0,19.69150593879576,6291,70.0049504950495,214,0,45.725385954022336,14141,202
209011200,15.5394608970493,16.0342726747481,14.5797962751938,0.31919562685746544,2626.16889160133,0.028328994082840238,0.446,0.0016,0.03665959141117763,4.7876,28.86390532544379,85,0,17.54549695018863,4878,66.97633136094674,162,0,42.85759262936714,11319,169
209011201,15.7780335383291,16.7752625002505,13.9489163150146,0.4543801614056941,1530.46925321793,0.04322886597938144,0.4137,0.0052,0.04395524228965492,4.1932,30.762886597938145,62,0,16.72745572148046,2984,77.85567010309278,150,0,43.987448420619955,7552,97
209011202,15.630038988602,17.9916064416065,13.6210674603357,0.6993504653489137,3079.11768075459,0.05815177664974619,0.7775,0.0076,0.10379714153682253,11.4559,33.08629441624365,95,0,15.755713734395652,6518,80.38071065989848,176,0,40.591698074281275,15835,197
209011203,15.8523895113052,17.6480421519581,12.8888457662087,0.7105459798831488,3487.52569248714,0.047174545454545455,1.3652,0.0036,0.10527873543358907,10.3784,33.15909090909091,69,0,16.94679180831692,7295,83.08636363636364,246,0,45.941562995405064,18279,220
209011204,15.5334597737062,17.744184385818,13.6732205565615,1.2282788020478346,1677.61365556027,0.035051851851851855,0.1229,0.0068,0.016316607453192754,3.7856,34.7037037037037,62,0,16.654408784125938,3748,84.32407407407408,158,0,41.96211658277751,9107,108
209021205,10.8486258992252,15.5766560014753,8.6000155155026,2.129464839441111,1030.61946042639,0.09335578947368421,2.3848,0.0052,0.30301736089432146,8.8688,40.83157894736842,214,0,29.98568900913807,3879,119.17894736842105,910,0,106.66630995647708,11322,95
209021207,9.47916023514763,11.0008376641828,8.69077486674816,0.4326361517433473,3213.43531971505,0.026232153392330385,0.1397,0.0044,0.015689813105643123,8.8927,35.43952802359882,193,0,20.309841838779153,12014,78.99705014749263,216,0,42.141035288397354,26780,339
209021208,10.2361105344803,11.7982840398397,8.32373945935136,0.7169861816567114,3081.06927087858,0.033453488372093027,0.2383,0.0041,0.02690731429910272,10.0695,32.7641196013289,70,0,17.279491938103423,9862,78.40199335548172,199,0,42.86009639139832,23599,301
209021428,9.70041775514796,14.6174829224615,8.62851207330989,1.0729615889315383,2774.31947797232,0.0271486013986014,0.3717,0.0011,0.032849210753987036,7.7645,30.17132867132867,130,0,23.884121194759963,8629,68.94405594405595,218,0,53.840932217859006,19718,286
209021429,9.39859824411307,10.4422478563754,8.76470236006673,0.36913288680655565,1400.39113837285,0.023566442953020135,0.1261,0.0023,0.01389472294705583,3.5114,34.38255033557047,132,0,17.655332750557893,5123,80.53020134228188,202,0,39.43666784738707,11999,149
209031209,12.1277427019174,17.2890592465434,4.03212705458386,2.919583439261445,3189.59633060427,0.07050950570342206,1.9477,0.0054,0.13166881345259507,18.544,31.543726235741445,71,0,18.53254277716262,8296,86.38403041825094,191,0,53.42020563376062,22719,263
209031210,0.873711889485025,2.71795453175884,0.422872805964936,0.4645808954748945,36.6958993583711,0.3533833333333333,2.5136,0.0172,0.6529800258091292,14.8421,30.238095238095237,59,0,19.411851451399382,1270,82.04761904761905,175,0,52.84812680112628,3446,42
209031212,5.53536610507607,33.3824764942643,0.0167210079406649,8.013607469403407,354.263430724869,4.2238296875,25.2917,0.0135,4.548978495926997,270.3251,25.59375,72,0,17.874979187467073,1638,68.75,190,0,48.58963244306732,4400,64
209031213,11.3895240286427,14.4024959346587,3.73605330416361,1.9545855236583858,1366.74288343713,0.24627916666666666,2.5871,0.0069,0.3983370792707965,29.5535,25.825,63,0,16.10921887532444,3099,77.275,232,0,50.07758056885588,9273,120
209031214,9.11505106558378,13.0762181439908,0.291467747831593,2.9164783391748035,783.894391640205,0.5805104651162791,4.78,0.0128,1.042318250036802,49.9239,26.686046511627907,63,0,19.717571517278383,2295,76.86046511627907,179,0,57.53222376673639,6610,86
209031215,4.63878483719908,11.1200435570721,1.13445498261909,2.6310576757258914,700.456510417061,0.17499403973509933,2.4803,0.0099,0.34650014088150827,26.4241,31.635761589403973,62,0,17.88499685722034,4777,90.69536423841059,208,0,54.10409637941579,13695,151
209041216,14.0584824579379,14.8324787142891,12.3625526392696,0.5407613322654988,984.093772055654,0.07053285714285715,1.3086,0.0084,0.17306318166146978,4.9373000000000005,42.15714285714286,236,0,41.7541582462018,2951,108.1,432,0,71.03951747779725,7567,70
209041217,13.1638883609927,14.2166828267616,10.028901513856,0.9982374873274995,1118.93051068438,0.02924235294117647,0.1418,0.0068,0.017472661478998095,2.4856,29.51764705882353,66,0,18.35536236992047,2509,70.72941176470589,148,0,44.09335017223986,6012,85
209041219,7.21615496977634,13.1536463761149,5.29098915129377,1.8290620610385768,1804.03874244409,0.0478848,2.5657,0.0052,0.19310163836674116,11.9712,33.184,75,0,17.255409023325093,8296,90.14,225,0,48.22362982911575,22535,250
209041220,12.3994593471394,14.7432738384672,8.11171452605461,1.851119098166809,2318.69889791507,0.04350909090909091,0.4962,0.0117,0.05752274139091512,8.1362,33.524064171122994,141,0,16.33398754086421,6269,95.47058823529412,229,0,43.474908610420066,17853,187
209041221,13.3666987607106,14.4732969237701,10.04086325979,1.122814024490412,1697.57074261024,0.03830629921259843,0.4613,0.0061,0.04388287938207955,4.8649,33.181102362204726,60,0,15.116173049553316,4214,91.67716535433071,187,0,43.58441579093977,11643,127
209041223,9.14795160165545,13.1174270785883,6.46024633582691,1.3701667274060998,2543.13054526022,0.0520705035971223,1.4673,0.0044,0.10301053849086844,14.4756,27.924460431654676,70,0,21.315695956551526,7763,72.22302158273381,186,0,55.45688710430086,20078,278
209041224,1.83694251123695,78.3014872893209,0.00903725799195468,5.841418453818259,330.649652022651,2.5089955555555554,199.6738,0.0079,15.537693696269285,451.6192,30.894444444444446,162,0,20.91977152054383,5561,87.00555555555556,485,0,61.72786710961204,15661,180
209041225,13.9565348527457,68.7246901778493,0.0234901585404687,10.636086693658065,1549.17536865478,2.1158567567567568,23.6587,0.0072,3.9627070743397264,234.8601,25.396396396396398,61,0,17.71300461103458,2819,66.11711711711712,172,0,49.65897131046345,7339,111
209041430,8.51067480185958,11.705169801088,7.2330929286462,0.5865089034375174,1795.75238319237,0.06853838862559242,0.9661,0.0043,0.12570702482647675,14.4616,34.28436018957346,126,0,19.794291912740615,7234,99.34597156398104,308,0,58.84749232331013,20962,211
209041431,6.33484633236223,12.7856092983305,3.14655568149104,2.7260887850489604,810.860330542365,0.06069609375,2.3133,0.0072,0.2059328536704174,7.7691,35.828125,203,0,23.796085622322042,4586,102.78125,371,0,57.9150800402019,13156,128
209041432,6.55737825782344,12.8435392631733,4.54913023710254,1.777573190904665,859.016551774871,0.11885038167938931,7.214,0.0049,0.6505211000390434,15.5694,23.671755725190838,62,0,20.735121727338935,3101,63.770992366412216,176,0,56.01188951882602,8354,131
209041433,4.63292872514794,5.94232868482546,2.98768867043089,0.682388104198922,560.584375742901,0.060804132231404955,1.3617,0.0053,0.17468324065609642,7.3572999999999995,29.735537190082646,185,0,22.898969625669956,3598,89.76859504132231,342,0,60.687005793467094,10862,121
209041434,7.07025352033647,8.96623472806057,2.69771600837703,1.5408845917970468,1251.43487309956,0.1344045197740113,8.1959,0.0059,0.7028460486915138,23.7896,33.29943502824859,424,0,35.05524292452093,5894,92.61016949152543,783,0,75.83640068411151,16392,177
209041435,10.706405705832,13.6941379356262,7.65075159399436,1.7589274618960815,1220.53025046485,0.1202578947368421,5.5584,0.0051,0.5622750735969442,13.7094,33.473684210526315,79,0,16.776622233426828,3816,105.83333333333333,204,0,54.445054980222125,12065,114
209041436,14.0521315509527,15.4721203121613,8.87701161418632,1.4912220353196746,1812.7249700729,0.05932170542635659,0.9791,0.0123,0.10916721975457558,7.6525,32.55038759689923,204,0,23.48269350776961,4199,93.13178294573643,292,0,54.64364382137706,12014,129
209041437,2.92234705833896,5.46247317512527,0.102004064015085,1.0672211609009796,268.855929367185,0.5857804347826087,20.3822,0.0065,2.5242262564356093,53.8918,32.80434782608695,195,0,26.576962315953672,3018,98.46739130434783,484,0,75.04950030757452,9059,92
210011226,10.9840433303881,12.1849831619446,8.51314122184481,1.1281466893293857,1373.00541629851,0.0296128,0.2295,0.0019,0.023807114604807774,3.7016,27.68,66,0,22.58482219430534,3460,59.696,155,0,49.48952707717645,7462,125
210011227,9.08857301182338,9.08857301182338,9.08857301182338,NA,9.08857301182338,3.3549,3.3549,3.3549,NA,3.3549,0,0,0,NA,0,0,0,0,NA,0,1
210011228,11.3549878115341,13.6855033649096,8.93623807911937,0.9788684307744996,1703.24817173012,0.11491133333333334,2.2912,0.0068,0.22546089127574784,17.2367,22.173333333333332,213,0,26.348909957119886,3326,55.666666666666664,256,0,58.53131630857381,8350,150
210011229,12.3279099747315,13.0095748131265,10.5107462486914,0.4124701976202878,3883.29164204043,0.03449619047619048,0.2775,0.0038,0.02423207167254218,10.8663,32.59047619047619,63,0,18.09143192254801,10266,82.53968253968254,188,0,45.26912637158651,26000,315
210011230,11.2903867797554,12.4926709353836,9.73265176671458,0.9568757096318999,1004.84442339823,0.030680898876404496,0.1936,0.0028,0.027131401114862588,2.7306,31.752808988764045,65,0,17.344950076500133,2826,75.66292134831461,188,0,45.85920741797777,6734,89
210011231,9.85375719863869,10.9070692070976,8.6736167436137,0.626445126057319,1202.15837823392,0.03372377049180328,0.1068,0.0044,0.01793485941846531,4.1143,28.516393442622952,75,0,20.624639683927995,3479,76.62295081967213,187,0,55.9795310685854,9348,122
210031236,9.37406471794908,10.4925726224623,8.18822650424883,0.5790235934543535,1434.23190184621,0.03188169934640523,0.3014,0.0032,0.03606157642784969,4.8779,21.143790849673202,70,0,21.347814599309565,3235,50.254901960784316,157,0,50.83946993022624,7689,153
210031237,9.07010815227707,10.5569301645673,8.45772524330614,0.3026186153869035,1351.44611468928,0.03389463087248322,0.1354,0.005,0.02208723119335015,5.0503,33.40939597315436,77,0,18.233846395163475,4978,91.35570469798658,306,0,51.47448512868836,13612,149
210031239,10.2926684781353,10.9392487492422,9.39971457498772,0.3624702942535333,2912.82517931228,0.024679858657243817,0.0785,0.0028,0.011322640219499826,6.9844,35.897526501766784,241,0,21.56451875274326,10159,82.95406360424029,224,0,42.60233415286697,23476,283
210031438,12.0573771878495,14.2734846377081,10.1393988251013,0.9916923528145956,3026.40167415024,0.035024701195219124,0.6078,0.0026,0.05747004182537506,8.7912,35.167330677290835,178,0,21.247397215805403,8827,87.15537848605578,225,0,50.33952483840283,21876,251
210031439,12.5316671265411,14.3472692541057,10.2409086185771,1.0880220778113745,325.823345290068,0.058557692307692304,0.3297,0.0109,0.0690789355625978,1.5225,44.42307692307692,186,0,32.971712818017906,1155,112,250,0,55.64242985348501,2912,26
210031440,11.2913607308612,12.1367076657317,9.32317829333336,0.5622260043392956,767.812529698561,0.04461323529411765,1.2339,0.0047,0.14671109889381367,3.0337,34.25,70,0,15.9854177952768,2329,81.17647058823529,182,0,38.461044908023915,5520,68
210041240,3.2817221343485,3.85428369963544,0.0213372316975071,0.7960976887545872,443.032488137048,0.6821807407407408,21.2712,0.0072,2.886054012498579,92.0944,33.14074074074074,65,0,18.47715934221644,4474,91.78518518518518,235,0,54.69759267604931,12391,135
210041241,3.75425637136589,7.59382489019244,1.12749215354576,0.7824115551084482,1220.13332069391,0.3057738461538461,17.4413,0.0052,1.5623329342267034,99.3765,32.26769230769231,107,0,18.747980201435787,10487,80.44923076923077,218,0,49.52504081387853,26146,325
210051242,14.18269288632,15.9517625015571,11.7453792888344,0.8935173632976234,1985.5770040848,0.06284071428571429,0.6871,0.0047,0.10073442746739551,8.7977,34.22142857142857,143,0,24.361801641903778,4791,93.94285714285714,386,0,65.6687536078697,13152,140
210051243,10.4811401046029,14.1348622896163,6.47187614069988,1.7958948479226557,2525.9547652093,0.07500954356846473,1.0154,0.0062,0.11207511186792306,18.0773,22.514522821576765,107,0,21.88608758722122,5426,66.41908713692946,255,0,65.1840558278112,16007,241
210051245,16.3696319467289,19.3986908888624,12.8509678771419,1.3768391367095947,3339.4049171327,0.06790294117647058,1.5803,0.0015,0.17551813932664104,13.8522,33.205882352941174,113,0,20.606966269286932,6774,85.74019607843137,214,0,52.603509519370164,17491,204
210051246,16.2168653686343,19.9871826067135,1.25213542015067,3.9603894457031723,2708.21651656193,0.38418502994011977,17.2527,0.014,1.6162500500518537,64.1589,30.550898203592816,74,0,16.957302397788894,5102,95.63473053892216,229,0,55.23851451042578,15971,167
210051247,14.3830194665936,17.0398065231284,11.9709726320999,1.351788693908819,1912.94158905695,0.034006766917293235,0.1168,0.0053,0.015926346551170742,4.5229,34.69924812030075,70,0,17.480285415812666,4615,110.9624060150376,203,0,55.499441167680345,14758,133
210051248,13.321689322422,15.8502770594955,10.1677768165671,2.3765528005353294,66.6084466121098,6.07696,20.0956,0.6572,7.982037296517726,30.384800000000002,6,24,0,10.392304845413264,30,35.4,97,0,48.84465170312918,177,5
210051249,9.64823155317661,15.6377677635559,6.53678691871527,2.2624198716526602,1727.03344801861,0.06866033519553072,1.0469,0.0031,0.13168423349227806,12.2902,33.452513966480446,114,0,18.292005125453997,5988,122.05027932960894,247,0,67.21007429693995,21847,179
210051250,13.6347234349924,16.534778829604,11.4222107905432,1.1169461657907203,1268.0292794543,0.04119784946236559,0.3549,0.0028,0.049649324568492637,3.8314,31.451612903225808,90,0,21.950792859322306,2925,68.02150537634408,170,0,47.14039588077477,6326,93
210051441,6.07837975574204,6.79647842002023,4.69790348610763,0.5061766262490939,443.721722169169,0.0540054794520548,0.79990000000000006,0.0086,0.10329060661068384,3.9424,38.42465753424658,62,0,16.080455535472574,2805,113.54794520547945,201,0,50.21759350176059,8289,73
210051442,3.4316659313107,5.37395777740342,0.938101298318725,0.962373406907159,329.439929405827,0.139075,5.092,0.0045,0.6353546116353573,13.351199999999999,36.010416666666664,77,0,19.250424351668155,3457,120.4375,274,0,63.943365155177915,11562,96
210051443,6.33622495665576,7.64554574345902,3.14253704722685,1.2805330492813447,944.097518541708,0.07977919463087249,2.7442,0.0058,0.2579204128437863,11.8871,34.328859060402685,265,0,26.162290521112308,5115,108.38255033557047,783,0,81.72982826720595,16149,149
210051444,3.09005293732872,5.4381102089344,1.80903248651557,0.8857270763572062,367.716299542118,0.052199999999999996,2.3263,0.0034,0.21301099796545078,6.2118,38.21848739495798,160,0,23.059304406823173,4548,118.89915966386555,279,0,61.461217613014234,14149,119
210051445,1.41938618858242,4.93495791676235,0.00593199551875517,1.0955919642930434,29.8071099602309,3.2802333333333333,33.0496,0.012,7.157871642767375,68.8849,54.38095238095238,309,0,80.86685117554423,1142,154.95238095238096,830,0,213.3240436965501,3254,21
211011251,8.55292705927506,12.2978543656439,6.84382887021125,0.7545246240102628,1428.33881889893,0.047822754491017964,0.4344,0.0071,0.047691163431766964,7.9864,30.94610778443114,95,0,22.479510747213688,5168,72.92814371257485,183,0,52.225942044515136,12179,167
211011254,15.8024081509081,22.8266483242,12.1447507505303,2.2042207010558,2765.42142640892,0.08657657142857143,2.0259,0.01,0.2438425921271831,15.1509,31.548571428571428,166,0,22.155321244380723,5521,84.30285714285715,270,0,55.74959144077029,14753,175
211011255,24.8908551062239,29.3198339273112,20.6928665886377,2.2837928400714045,1443.66959616098,0.3188620689655172,4.9027,0.0188,0.9283406342893955,18.494,35.86206896551724,105,0,20.188974128123437,2080,113.82758620689656,386,0,67.56468971160729,6602,58
211011256,25.3609768004707,28.8545418240582,19.9286046243801,1.6828869722904891,3550.53675206589,0.058075714285714286,0.9714,0.0134,0.09040175387570018,8.1306,38.31428571428572,208,0,23.805593235000426,5364,106.99285714285715,288,0,53.2498517481736,14979,140
211011257,18.9628248483973,23.8383195079009,13.9497766972077,2.653299277293433,1441.1746884782,0.05485263157894737,0.2837,0.018,0.04688275439486382,4.1688,36,183,0,26.9013010837766,2736,105.10526315789474,266,0,66.5068575807274,7988,76
211011258,26.5032005227393,30.0169307834388,22.7748993406451,1.8981870022878093,2676.82325279667,0.09255049504950495,1.8224,0.0125,0.2113312208944823,9.3476,35.05940594059406,136,0,21.279483913938428,3541,103,195,0,58,10403,101
211011259,11.8808752569508,15.7408990953576,8.4828090599262,2.0002236170757643,1710.84603700091,0.057424305555555555,1.2245,0.0058,0.11088409134227094,8.2691,36.65972222222222,179,0,25.22185842834827,5279,96.0625,330,0,57.09692639272716,13833,144
211011260,15.5923299589973,18.449353898637,9.48740643704125,2.616246956736228,2744.25007278352,0.07576875,2.8971,0.0077,0.2519515311452355,13.3353,37.48295454545455,216,0,28.67830926114582,6597,100.80113636363636,418,0,57.91748020232763,17741,176
211011446,13.1865388368543,18.864937360101,8.87022011474609,2.880356546068563,3665.8577966455,0.03977410071942446,0.5187,0.0031,0.04526456258978643,11.0572,33.73021582733813,80,0,16.954256378252982,9377,77.97841726618705,169,0,41.42802337731809,21678,278
211011447,12.9749004403064,19.2156824614523,10.0453140277858,2.2762304447727693,2205.73307485209,0.04053470588235294,0.1351,0.0046,0.02098436516251873,6.8909,34.17058823529412,121,0,18.878316816013495,5809,80.41176470588235,211,0,46.44721993263899,13670,170
211011448,14.2977529302796,24.274143700303,10.1785234386456,3.98375336339651,2645.08429210172,0.049209189189189186,0.4054,0.0068,0.04133340148286082,9.1037,29.81081081081081,67,0,19.485833535626423,5515,78.29729729729729,188,0,51.628619919862395,14485,185
211011449,19.8274017134573,26.5557439486898,17.9862240361731,1.4450244585303051,931.887880532492,0.12162340425531915,1.6619,0.0187,0.3196315937836572,5.7163,34.638297872340424,58,0,15.684976932963723,1628,90.76595744680851,168,0,42.0936909276342,4266,47
211021261,8.19016970220448,14.2850657069737,5.94200929141795,1.9960768056966176,1556.13224341885,0.10864578947368421,1.3733,0.0074,0.1522938480247933,20.6427,30.089473684210525,125,0,16.86979062408191,5717,82.66315789473684,201,0,42.51501086328329,15706,190
211021262,10.684967364509,15.4041635825737,3.89947522204161,2.7473338205277567,1463.84052893773,0.32365109489051097,3.4244,0.0061,0.5116514443039824,44.3402,24.635036496350367,76,0,19.062542540900942,3375,72.74452554744525,231,0,57.51892644997004,9966,137
211031263,9.38369570402775,17.6397688130716,5.40509192850485,3.5027929681308203,1463.85652982833,0.06351923076923077,0.7314,0.0061,0.09232130996120481,9.909,29.16025641025641,67,0,18.732237795764163,4549,75.6025641025641,236,0,54.03006086665023,11794,156
211031265,6.00706896918879,7.42296308977528,4.89514759473949,0.6771005864694918,1141.34310414587,0.04965157894736842,0.2797,0.0025,0.03218025245841594,9.4338,33.09473684210526,70,0,18.0912289451324,6288,93.97894736842105,238,0,52.14549830613472,17856,190
211031266,7.4119454252746,9.38193066606082,5.45830120082704,0.9495530010206245,1934.51775599667,0.037555938697318006,0.4642,0.0036,0.04373183681409562,9.8021,28.42911877394636,85,0,18.877126848824417,7420,65.74329501915709,203,0,47.211871093804504,17159,261
211031267,7.43135691524153,9.42288626116148,6.38755604030607,0.6658373332559705,1805.81973040369,0.03788230452674897,0.1723,0.003,0.02110587183871279,9.205400000000001,33.21399176954733,76,0,15.67290556057414,8071,81.53909465020575,189,0,40.758732705261316,19814,243
211031268,6.19553949047037,7.6490691294554,5.30967213729311,0.5434418785721534,644.336107008918,0.04500096153846154,0.1533,0.0068,0.023034020829445345,4.6801,32.84615384615385,75,0,17.82916190373776,3416,90.22115384615384,271,0,51.798143823018236,9383,104
211031450,5.92027540024426,8.67053019878399,4.996362821052,0.6887115699515572,1201.81590624958,0.03981871921182266,0.7244,0.0047,0.055177192019380074,8.0832,33.53694581280788,102,0,18.53127846951934,6808,74.33004926108374,182,0,43.69283460182133,15089,203
211031451,5.56415744369179,6.53642061905402,4.78150480931568,0.5279969009624036,851.316088884843,0.0441640522875817,0.1949,0.0074,0.0271002952362513,6.7571,36.509803921568626,359,0,31.538013330419552,5586,86.58169934640523,428,0,51.29835515715943,13247,153
211031452,6.04297600991126,8.41244055577096,5.2368074649501,0.4669872487844375,344.449632564942,0.050105263157894736,0.5351,0.0189,0.07150643932305435,2.856,33.31578947368421,63,0,16.47309266515815,1899,82.64912280701755,153,0,41.898470492058955,4711,57
211041269,9.98226105067554,11.3126829814251,9.01615117116098,0.3737776244553999,1167.92454292904,0.034475213675213674,0.1802,0.0054,0.021837270046883173,4.0336,37.136752136752136,101,0,17.761788694732015,4345,89.67521367521367,236,0,45.058358530302996,10492,117
211041270,8.3679187932009,9.36685586367156,7.31357205402669,0.45569660119889743,1773.99878415859,0.030949056603773586,0.141,0.0058,0.017166978912509994,6.5612,31.683962264150942,184,0,19.95490478514872,6717,75.08490566037736,261,0,44.75994272229251,15918,212
211041271,8.23775816932565,9.76801877588765,6.74130714099345,1.0335917537088195,1210.95045089087,0.03412721088435374,0.2235,0.0064,0.02667898089544664,5.0167,31.94557823129252,117,0,20.991447153584115,4696,79.81632653061224,213,0,52.73869682289826,11733,147
211041272,9.98605281959584,11.8020509639348,8.69427036261171,0.8120306630572752,1168.36817989271,0.0394,0.21560000000000001,0.0057,0.02712767387107071,4.6098,34.23931623931624,61,0,16.901157669311402,4006,89.52136752136752,184,0,47.20417834563141,10474,117
211041273,12.87044170147,14.3675671910242,10.758501804302,0.8407244338238264,1570.19388757934,0.05040327868852459,0.2879,0.0064,0.03680343573259627,6.1492000000000004,34.622950819672134,128,0,21.55842642444916,4224,94.81967213114754,269,0,54.68180176731298,11568,122
211051274,17.9124835694095,23.9244835519669,10.140087498576,3.382303161239729,2274.88541331501,0.43654015748031494,5.6475,0.0037,0.9420849455566199,55.440599999999996,28.543307086614174,59,0,18.075132397816624,3625,77.11023622047244,168,0,49.18546506594485,9793,127
211051275,7.15763046544416,8.3614277673204,5.13823166082119,0.7758617661920263,758.708829337081,0.2087933962264151,5.5226,0.0232,0.738851686678968,22.1321,35.25471698113208,79,0,18.007438315347418,3737,92.9245283018868,227,0,48.75061867508917,9850,106
211051276,19.1129375574657,62.6970572778388,0.281125561973849,13.433315379179232,3707.90988614835,1.9100860824742267,28.2995,0.0088,4.467744079192855,370.5567,29.22680412371134,97,0,20.808779113130356,5670,69.94329896907216,282,0,50.66369745525503,13569,194
211051277,10.0097264167555,16.6550485915135,6.47906458581908,1.7213046783785801,1041.01154734257,0.07875192307692308,1.848,0.011,0.19479622610565056,8.1902,36.60576923076923,199,0,25.182987888933862,3807,86.63461538461539,355,0,54.344828121358105,9010,104
211051278,6.20675455674097,12.9008001351044,0.331859309403582,1.5427179668420474,1365.48600248301,0.41738545454545456,12.9631,0.0021,1.7587921860121558,91.8248,33.627272727272725,279,0,26.861341606355342,7398,84.30909090909091,448,0,58.65194067793922,18548,220
211051279,14.0405697446361,25.0817942597255,2.23479623865444,6.413161616735326,968.79931237989,0.9935536231884058,6.4452,0.0122,1.4477736945941302,68.5552,30.985507246376812,62,0,15.637899619780434,2138,81.65217391304348,164,0,42.09087720318995,5634,69
211051280,19.3222282782802,24.7364101230101,11.0706918973698,2.9547791561824717,1526.45603398414,0.13246708860759493,1.7448,0.015,0.26330867949580655,10.4649,30.50632911392405,75,0,17.920675223171642,2410,83.69620253164557,199,0,51.03702889792553,6612,79
211051281,7.14243163217798,12.1057884456398,5.51712378556315,1.2468675987134923,1692.75629682618,0.051972573839662445,0.9167,0.0035,0.07208512598786425,12.3175,34.447257383966246,69,0,17.650633867393005,8164,91.85232067510549,221,0,49.41178714208481,21769,237
211051282,26.4257870775529,36.4196078360054,7.80337230962947,6.822666283440476,3805.31333916762,0.5690972222222223,8.9433,0.0157,1.2252368795058861,81.95,28.34027777777778,58,0,18.266926509900458,4081,67.04166666666667,166,0,44.61409902898222,9654,144
211051283,10.4091537562293,19.5962263188363,5.92508220679612,2.8649782532449253,1134.597759429,0.1482394495412844,1.2266,0.0061,0.21349132214923283,16.1581,32.23853211009175,117,0,20.083574955931862,3514,87.94495412844037,227,0,51.38126097064047,9586,109
211051284,24.4778293983951,26.5926672621619,21.8023063671806,1.1456988774956838,2594.64991622989,0.0838745283018868,0.5098,0.0085,0.0676353247536913,8.8907,35.24528301886792,67,0,15.447490978737779,3736,90.71698113207547,178,0,41.24324007339896,9616,106
211051285,3.15792567225106,9.79549768573121,0.150268343655378,1.9528082787779093,236.844425418829,1.4612626666666666,12.8639,0.0236,2.5281429269580324,109.5947,36.56,69,0,15.927402869336927,2742,100.37333333333333,191,0,44.95576604731479,7528,75
211051286,24.129550542536,78.5018985855067,0.000197685838384321,18.381652041039153,5766.9625796661,2.998902928870293,88.7076,0.0181,8.949071025523562,716.7378,25.476987447698743,81,0,19.867377871562176,6089,58.38493723849373,204,0,47.03952324322416,13954,239
212011287,3.7100700208744,8.48696344275074,0.937489407484389,1.6883224338889182,586.191063298155,0.23701518987341771,2.8956,0.0089,0.4850184073172769,37.4484,29.430379746835442,85,0,20.282830456320486,4650,81.23417721518987,274,0,59.19418198747109,12835,158
212011288,3.21880631027763,44.3531363875412,0.0025565878995955,7.796690163433787,334.755856268874,2.594881730769231,19.6362,0.0107,4.238435614310224,269.8677,26.721153846153847,77,0,18.339546495101903,2779,71.625,214,0,50.465827619108296,7449,104
212011289,9.64150727801425,61.4867258881986,0.0761258929346271,7.35147634496609,2304.32023944541,1.51444769874477,57.7477,0.0087,5.144271191023166,361.95300000000003,26.828451882845187,72,0,18.599490203458732,6412,74.26778242677824,221,0,51.62562640980315,17750,239
212011290,0.193698825205189,0.798024265194629,0.0418482655641437,0.21573146166636764,16.2707013172359,2.978559523809524,22.8812,0.0108,5.539953026422556,250.199,27.678571428571427,62,0,17.67385974869449,2325,71.85714285714286,190,0,48.94431132435608,6036,84
212011291,1.83103959898689,2.55972805661461,0.322796771770745,0.3270499798640455,318.600890223719,0.2139155172413793,5.5697,0.0065,0.7619000871645883,37.2213,40.87356321839081,185,0,24.699724834160875,7112,106.9080459770115,510,0,61.79195603670274,18602,174
212011292,1.58990320978271,2.10548578395526,0.980649679737689,0.47783520502984755,511.948833550033,0.15412857142857142,13.3787,0.0026,0.8888692468509245,49.6294,32.537267080745345,331,0,25.886647997236086,10477,88.01552795031056,520,0,62.03177063489694,28341,322
212021293,5.51612809065603,6.55049907599945,3.78390401676092,0.629547393979292,1544.51586538369,0.06974964285714286,4.2974,0.007,0.2613737024446436,19.5299,31.960714285714285,231,0,25.954921485312873,8949,80.525,337,0,53.071123745660785,22547,280
212021294,5.56180953374341,7.56874935398948,3.2775027567404,0.8495288280649075,1329.27247856468,0.06205271966527197,2.9239,0.0096,0.1980591785738855,14.8306,34.43096234309623,88,0,18.60227361167946,8229,107.66945606694561,298,0,60.38249534277745,25733,239
212021295,13.68508751917,18.6728887010852,9.39578610114665,2.7089621123100756,1929.59734020297,0.03626028368794326,0.1807,0.0035,0.02730649551044226,5.1127,30.22695035460993,68,0,22.958150993967337,4262,78.51063829787235,258,0,61.86986538825742,11070,141
212021297,8.16564510534049,13.2831664739664,5.86646269363171,2.0531343090979557,1020.70563816756,0.0639536,0.7077,0.005,0.08535844681448138,7.9942,28.6,95,0,22.725926646354466,3575,84.552,204,0,65.68159461346643,10569,125
212021299,11.8957344681791,26.6037548088913,3.56477062795148,6.293974002258564,1106.30330554065,0.36998494623655914,5.7934,0.0152,0.7796088210771834,34.4086,25.322580645161292,68,0,14.065190836525545,2355,83.44086021505376,281,0,52.57716117776668,7760,93
212021453,24.8850487195135,28.4557333841379,18.1195254893466,2.5235208113335705,3185.28623609773,0.11274765625,2.8547,0.0054,0.3222517468392069,14.4317,31.7734375,68,0,20.423937956081296,4067,91.8203125,235,0,60.39703721076542,11753,128
212021454,19.7763242841511,24.6227402520929,13.7528411671358,2.5418042241293333,2986.22496690682,0.03700198675496689,0.1541,0.0035,0.021743947725589224,5.5873,31.311258278145694,72,0,20.976553714552693,4728,88.55629139072848,252,0,60.24224827163402,13372,151
212021455,6.07765769917429,8.81497584269274,4.1556531390394,1.0951543810782478,808.32847399018,0.036646616541353386,0.1914,0.0045,0.02024933051221088,4.874,34.58646616541353,77,0,15.247020483672486,4600,101.06766917293233,216,0,46.46947441987505,13442,133
212021456,6.86332870897611,7.61850999080203,5.66788179745141,0.4220260931857064,1132.44923698106,0.055727878787878785,0.6977,0.0076,0.08239620343186461,9.1951,30.44242424242424,120,0,20.124415311958487,5023,83.0060606060606,206,0,56.017908391924635,13696,165
212031300,11.3770761396142,12.4444367694016,8.19049152234325,0.9075878824147927,2821.51488262433,0.05170967741935484,1.0652,0.0065,0.09237217531467555,12.824,30.681451612903224,75,0,18.637369916339026,7609,80.24596774193549,261,0,55.254655068618355,19901,248
212031301,7.70928084098095,11.5171856957117,0.732806746081189,2.576814072520079,1611.23969576502,0.2052157894736842,12.5725,0.0115,1.2257059756482704,42.8901,42.59808612440192,584,0,49.486412239315456,8903,122.97607655502392,1563,0,122.78089616621442,25702,209
212031302,7.05417843004347,9.47382230359425,4.6472702326677,1.0941843648423695,1255.64376054774,0.0575247191011236,2.1294,0.0047,0.17761063220891216,10.2394,37.17977528089887,191,0,19.76275204294174,6618,112.83707865168539,468,0,58.99268724579051,20085,178
212031303,8.24793184969794,11.2059363726707,0.0391411851617657,2.8411529408760385,816.545253120096,0.7515878787878788,13.5396,0.0091,1.757108213901973,74.4072,30.636363636363637,140,0,19.594592415971604,3033,88.14141414141415,185,0,50.67060696522883,8726,99
212031304,11.778191219607,12.8173463145928,8.64849078961915,0.742608265929492,1578.27762342734,0.0962544776119403,4.3807,0.0121,0.40688687378988647,12.8981,37.91044776119403,157,0,20.587412274467734,5080,112.14925373134328,463,0,62.72166795468567,15028,134
212031305,6.38691588301842,7.76072750319494,5.36859750331359,0.5760277632349583,1539.24672780744,0.055048547717842324,1.4997,0.0035,0.13708680251929953,13.2667,33.97095435684647,65,0,17.695903089945464,8187,104.52282157676349,233,0,57.16023255147643,25190,241
212031306,6.14680940612466,7.86654814766158,5.18561991232562,0.4466273510748779,737.617128734959,0.061317500000000004,0.4353,0.0136,0.06538271256946424,7.3581,36.94166666666667,85,0,16.860921869058934,4433,126.54166666666667,235,0,57.09153726648968,15185,120
212031308,5.21266937328349,12.3635201175517,0.109023795584818,5.288728081256376,489.990921088648,1.0475691489361703,11.7609,0.0099,2.277711174210637,98.47149999999999,30.148936170212767,75,0,18.841704741497633,2834,81.15957446808511,267,0,53.19396505334553,7629,94
212031457,7.0458273840341,7.69592601568663,6.23634834220945,0.40100035580243565,824.36180393199,0.053165811965811965,0.3567,0.006,0.05062762834793619,6.2204,33.034188034188034,68,0,13.646353323628398,3865,112.12820512820512,192,0,45.25817481149571,13119,117
212031458,7.53190095807646,8.264656952982,5.90192031504187,0.46425731627076683,1024.3385302984,0.04925147058823529,0.3469,0.0203,0.04644049794816161,6.6982,36.14705882352941,59,0,13.122516364243845,4916,122.30882352941177,223,0,45.59378039225872,16634,136
212041309,9.8368830961371,12.1060495309576,9.34933309072538,0.4970876417911543,1268.95791940169,0.04901317829457364,1.0708,0.0097,0.1107117205148162,6.3227,33.50387596899225,86,0,14.866133928647896,4322,90.1937984496124,171,0,40.32176783376828,11635,129
212041310,11.8742275050667,14.6618207382377,9.46657700070021,1.2960285480390232,1888.0021733056,0.049800000000000004,0.928,0.0062,0.11523338783046377,7.918200000000001,30.07547169811321,188,0,20.94010360190157,4782,79.01886792452831,369,0,51.877103031717745,12564,159
212041311,11.3247091665425,18.9572209093085,2.27332618660309,4.375378144293641,5685.00400160435,0.12291972111553785,7.4485,0.0019,0.5818639533337184,61.7057,22.810756972111555,377,0,27.974932531186777,11451,60.330677290836654,524,0,62.03249273429033,30286,502
212041312,21.5685269086085,25.0937954913935,16.6927762391183,1.7874087628282436,5521.54288860378,0.036645703125,0.6531,0.0084,0.05098403730478623,9.3813,32.21875,64,0,16.20042967234596,8248,87.3125,223,0,45.273417729846464,22352,256
212041313,14.8869391609399,15.4919650342259,14.1490723208961,0.29837988508419966,1756.6588209909,0.06116864406779661,2.0913,0.008,0.1946132507936459,7.2179,33.70338983050848,72,0,16.699613241866707,3977,86.23728813559322,191,0,46.820748918989665,10176,118
212041314,11.76077791077,13.9707333776257,5.38782734123811,1.4084105546716217,3328.3001487479,0.10664416961130742,5.2934,0.0047,0.42785271616535336,30.1803,29.565371024734983,91,0,19.251742173724296,8367,90.38162544169612,259,0,59.532718951156305,25578,283
212041316,16.2117386827422,20.5050014732619,13.5894136478145,1.8864357510365264,1345.5743106676,0.04526987951807229,0.3283,0.0077,0.05268276141192019,3.7574,34.54216867469879,68,0,18.540201017682627,2867,90.4578313253012,179,0,49.33689590639564,7508,83
212041317,10.6995973207287,14.5238524211771,8.33725651255619,1.4977458695057473,2642.80053821999,0.04478582995951417,1.6749,0.004,0.12283672255538988,11.0621,30.105263157894736,297,0,25.73104031323254,7436,87.8663967611336,365,0,61.281855532055296,21703,247
212041318,14.0883382812073,15.6028518091846,12.1344724543193,0.7868928859613019,1746.95394686971,0.036774193548387096,0.3202,0.004,0.04100370966950943,4.56,32.79032258064516,88,0,17.486010293736438,4066,102.04838709677419,259,0,56.77968473849965,12654,124
212041459,13.350444013393,14.4512169235411,10.8422972866576,0.8843487512681302,1989.21615799556,0.024763758389261745,0.147,0.0024,0.01689578635606755,3.6898,33.85906040268456,63,0,15.798143978494618,5045,81.05369127516778,161,0,41.10645133080881,12077,149
212041460,13.0379382650931,14.0035765017322,10.7607326792926,0.7473034883665222,2633.6635295488,0.023475247524752475,0.0641,0.0047,0.010337988737295883,4.742,33.51980198019802,73,0,15.57687097633313,6771,91.2871287128713,237,0,46.149839590211535,18440,202
212051319,8.41290406026917,9.23689001395756,7.75348931512439,0.37173306051179267,1901.31631762083,0.029571238938053097,0.1699,0.0024,0.017135385487100772,6.6831,33.24778761061947,94,0,16.719133934747447,7514,80.76106194690266,180,0,40.65000190488626,18252,226
212051320,9.03397673741807,11.6510048928509,6.51016620454539,0.99432249232993,2086.84862634357,0.035467099567099564,0.3298,0.003,0.04683287538901585,8.1929,34.78354978354978,314,0,33.44672450910146,8035,86.93073593073593,554,0,65.7704470364091,20081,231
212051321,14.1988451570625,16.2873894176109,12.7016473267483,0.7523440735112462,2995.95632814018,0.043091943127962086,0.5118,0.0028,0.050236406657177636,9.0924,37.11374407582938,131,0,17.4048802874339,7831,98.62559241706161,198,0,44.01024890381719,20810,211
212051322,9.90267798683754,13.5746680090945,5.80997769965791,2.350228063541145,2356.83736086733,0.03209747899159664,0.2159,0.0028,0.019064640042413972,7.6392,30.58823529411765,103,0,18.280243082848536,7280,80.38235294117646,267,0,47.72743489543191,19131,238
212051323,8.01342999461175,8.69899661741468,7.02905769222435,0.3856707294377422,1434.4039690355,0.03602067039106145,0.572,0.0022,0.04192771558741916,6.4477,33.927374301675975,60,0,15.6722139910602,6073,84.83240223463687,171,0,41.453437535657905,15185,179
212051324,7.50436847926458,8.59584034870942,6.4357016815955,0.5336024506842897,1891.10085677467,0.03401944444444444,0.2812,0.0036,0.02769680571297132,8.5729,27.892857142857142,93,0,18.59037440423056,7029,71.30952380952381,194,0,48.522301815531364,17970,252
212051325,15.8997458308762,25.3535592445631,8.42655650024853,3.925721986076722,3529.74357445452,0.04811351351351351,0.384,0.006,0.049871503640678105,10.6812,32.247747747747745,90,0,18.97239884625373,7159,86.7927927927928,236,0,51.437985702790606,19268,222
212051326,8.97058705581032,10.1821727634711,7.61368520072944,0.510611626396805,2780.8819873012,0.03259387096774193,0.7416,0.004,0.052390471302985936,10.1041,27.383870967741935,91,0,18.456922588546757,8489,68.37741935483871,158,0,46.04868824528662,21197,310
212051327,16.8684007482919,20.6827657228299,14.0234385396316,1.3355338019215668,3390.54855040666,0.051482587064676615,1.4265,0.0086,0.10415998725649708,10.348,36.78606965174129,283,0,29.161087170665027,7394,97.363184079602,523,0,60.427993825800186,19570,201
213011328,10.1642451959871,13.3505508563397,7.81277615164799,1.1183566990531468,1026.5887647947,0.04542871287128713,0.4703,0.0013,0.06708737636341679,4.5883,33.15841584158416,166,0,24.408905208250257,3349,77.56435643564356,256,0,53.93225673779731,7834,101
213011329,10.3222515519787,12.4661867543212,8.55723964380121,1.1610620149097244,1052.86965830183,0.04319705882352941,0.5114,0.008,0.055991034388175855,4.4061,27.098039215686274,65,0,19.589100729854536,2764,94.50980392156863,220,0,68.47659788122446,9640,102
213011330,7.1551648815252,8.90917582899688,3.99836201923773,1.1554766773886618,2039.22199123468,0.07448210526315789,2.3058,0.0038,0.21112842963080355,21.2274,30.36842105263158,93,0,20.05505764855537,8655,91.32280701754387,266,0,63.15625329388276,26027,285
213011331,12.7775536481722,14.0476450504113,9.92317166527435,1.0879812965956233,1137.20227468733,0.039387640449438203,0.3101,0.0062,0.05194886651188122,3.5055,32.73033707865169,136,0,21.233423505142152,2913,93.29213483146067,206,0,53.38309279656873,8303,89
213011332,13.4760132394543,14.7909270292195,11.8874224413976,0.6727037331778978,2061.8300256365,0.04935751633986928,0.5003,0.0065,0.06903750286391873,7.5517,31.03267973856209,62,0,19.248861313093435,4748,84.47712418300654,194,0,52.28868310780977,12925,153
213011333,8.89577398894616,11.3901419216498,7.03257414725346,1.1615025674536164,1263.19990643035,0.030727464788732395,0.1038,0.0027,0.012440406280372726,4.3633,33.61971830985915,65,0,18.30851927202941,4774,95.51408450704226,196,0,51.509791937727584,13563,142
213011334,12.9299738769395,14.4046395432195,11.1915237505935,0.7346368382452574,2831.66427904976,0.029587214611872147,0.0748,0.003,0.011381935671809814,6.4796,35.04109589041096,69,0,16.55386400428656,7674,90.88127853881278,191,0,45.40899323094213,19903,219
213011335,13.4868731121879,14.6484892043211,10.4373668396209,0.8841656704252496,2454.61090641819,0.034421428571428575,0.468,0.0036,0.03968851277846895,6.2647,33.2967032967033,71,0,18.37996417282563,6060,94.48351648351648,255,0,55.584858751036286,17196,182
213011336,9.33400188556084,10.8825633780167,8.12045930553071,0.5628904792305824,1222.75424700847,0.03515038167938931,0.2018,0.0027,0.028714208152989355,4.6047,27.0381679389313,128,0,22.9616417867018,3542,71,248,0,59.496864817206315,9301,131
213011337,12.3075871917942,14.2833858328271,9.22159482398766,1.1535567479285371,2239.98086890654,0.04397252747252747,0.5197,0.0012,0.061408301247346656,8.003,22.516483516483518,67,0,21.690114171193184,4098,64.32417582417582,224,0,62.731466353529015,11707,182
213011338,8.30860746410715,10.1582337209049,6.55284577012718,0.6551819662368059,1711.57313760607,0.06282427184466019,1.3204,0.0014,0.12508551569735035,12.9418,33.24757281553398,94,0,21.400749221715802,6849,89.64077669902913,238,0,59.25889528681165,18466,206
213011339,11.8304396291474,13.7635459539313,9.54635616395466,1.0320770424175338,1407.82231586854,0.03265126050420168,0.1103,0.0072,0.017155450117576257,3.8855,33.91596638655462,114,0,18.965883657613077,4036,99.47058823529412,377,0,54.00091391715824,11837,119
213011340,12.2491620284212,14.4365078128205,8.26595215272979,1.2613886976696134,2241.59665120108,0.10123661202185792,2.8094,0.0061,0.29375832375113037,18.5263,32.01639344262295,169,0,21.239988051215587,5859,94.50819672131148,199,0,57.94729216027562,17295,183
213021341,12.7279163239716,15.3465712495505,7.26936030484833,2.013685901315948,2647.40659538608,0.08481730769230769,4.3148,0.0023,0.3289245069817686,17.642,28.48076923076923,139,0,20.615870613305564,5924,60.41826923076923,170,0,42.805740877392026,12567,208
213021342,16.922584422726,19.3071514281503,12.7263308493817,1.6188707126676332,3739.89115742246,0.04743076923076923,1.8881,0.0054,0.1625564736940985,10.4822,34.02714932126697,81,0,20.031320600961656,7520,85.49773755656109,206,0,49.74385521068627,18895,221
213021343,8.04922131967927,11.22187809543,7.29408915185127,0.712831813095716,1456.90905886195,0.08922044198895028,2.3836,0.0052,0.2411819093819785,16.1489,31.696132596685082,163,0,24.19117002507982,5737,76.80662983425414,391,0,59.08563615842305,13902,181
213021344,7.74545198148362,8.96546256251241,6.35512657987039,0.6724983143543675,2013.81751518574,0.03373538461538462,0.6362,0.002,0.055929830364144006,8.7712,28.176923076923078,82,0,21.73230088354433,7326,66.46153846153847,181,0,52.072514607485374,17280,260
213021345,16.8643621528912,19.2252202181723,13.7394274382017,1.4605463765665987,1062.45481563214,0.025417460317460318,0.0485,0.0033,0.013056187998756902,1.6013,28.857142857142858,58,0,21.197882687069164,1818,81.23809523809524,169,0,59.24871423287469,5118,63
213021346,6.12562985533269,8.24046712337337,4.23686482630886,0.7762627257241084,1604.91502209716,0.027927862595419847,0.339,0.0033,0.033044207391875705,7.3171,25.251908396946565,126,0,22.732104160470012,6616,58.904580152671755,262,0,52.691417671032596,15433,262
213031347,9.42807529384591,11.5640384488994,8.00513559304102,0.620434512266974,2055.32041405841,0.03423073394495413,0.4586,0.0028,0.04914844457423996,7.4623,33.022935779816514,227,0,24.769991257921667,7199,83.56422018348624,419,0,59.40866827306387,18217,218
213031348,9.86458240971878,11.6903519321558,8.34461183334122,0.8493667430959155,2535.19767929773,0.01958793774319066,0.199,0.0016,0.02395576103458433,5.0341,29.84046692607004,269,0,31.275018681547234,7669,62.7704280155642,410,0,56.77503079771699,16132,257
213031349,9.72524234194823,11.4220534242351,8.50941957173534,0.7160727088916932,1419.88538192444,0.0374486301369863,1.3674,0.0036,0.11736918601445927,5.4675,35.554794520547944,372,0,37.16394820009785,5191,83.6027397260274,625,0,70.50854479418689,12206,146
213031350,8.89630022724798,9.63367566494776,8.46755816772231,0.2971725074099734,1014.17822590627,0.014558771929824561,0.0387,0.0018,0.006629310237928944,1.6597,36.73684210526316,110,0,15.632987944194936,4188,80.49122807017544,172,0,34.600436237987346,9176,114
213031351,9.15775131248366,9.80952641905061,7.77503427970725,0.3624730029793157,1382.82044818503,0.03918278145695364,0.9061,0.0023,0.09221759395515905,5.9166,32.29139072847682,120,0,21.684584202907377,4876,73.45695364238411,224,0,50.61471921609863,11092,151
213031352,8.64416947043289,9.76643382995182,7.74200542117502,0.6145715711522982,1746.12223302744,0.02774207920792079,0.5322,0.0012,0.05422529344675536,5.6039,31.193069306930692,78,0,18.27042172297813,6301,72.58910891089108,172,0,43.83352133056202,14663,202
213041355,7.72587588707885,10.9259493507844,0.071820171956325,2.243928084418139,1560.62692918993,0.2626118811881188,13.9356,0.0072,1.4048376813364991,53.0476,32.0990099009901,65,0,15.606163440233624,6484,98.17821782178218,214,0,51.41140203782237,19832,202
213041356,4.18783160728101,29.9047640796177,0.223154415698132,2.5306999093026556,1046.95790182025,0.45087,16.3434,0.0066,1.9629718818095945,112.7175,29.716,63,0,18.606778140534818,7429,75.324,216,0,49.99055155706846,18831,250
213041357,4.83754817445839,5.37274751624127,0.112768938997394,0.6558041520089579,1320.65065162714,0.406321978021978,26.9598,0.0044,2.174812998306619,110.9259,32.45787545787546,130,0,19.988026339294098,8861,85.9010989010989,207,0,52.28823993550254,23451,273
213041358,5.03245062215288,9.09670774083946,2.82073710184161,0.979282910440469,961.1980688312,0.12655497382198952,5.6528,0.0046,0.6132650276776749,24.172,32.675392670157066,89,0,19.59079729517888,6241,91.26178010471205,225,0,56.990068894536556,17431,191
213041359,2.18051989995849,5.78742786596589,0.0212603702320382,2.3096975996579263,82.8597561984225,2.6046473684210527,16.3376,0.0155,3.678185728944979,98.97659999999999,18.92105263157895,160,0,29.62593967395334,719,74.1842105263158,1145,0,185.9260031917897,2819,38
213041360,9.32172318034537,13.5268312102473,5.63578814343509,1.9765485290385607,1491.47570885526,0.037299375,0.1214,0.0082,0.015950183835517145,5.9679,35.8625,201,0,22.831482044033937,5738,120.16875,300,0,65.89206171588359,19227,160
213041461,6.44365289657179,7.26638861140765,5.70717061184236,0.34083210408790776,302.851686138874,0.053438297872340425,0.7262,0.0079,0.10525728633911555,2.5116,33.638297872340424,265,0,38.53029611589961,1581,97.87234042553192,386,0,69.59342079763269,4600,47
213041462,7.14738824231514,8.65112702295624,6.2623630394126,0.6172828487105235,328.779859146496,0.04337608695652174,0.2404,0.0122,0.039016436335829366,1.9953,38.869565217391305,66,0,18.242330133391736,1788,131.82608695652175,237,0,63.382894414406685,6064,46
213041463,4.91636767546278,7.07120633347823,2.98744688731563,1.038699635652714,958.691696715241,0.03565435897435897,0.1983,0.0067,0.022394640351396836,6.9526,33.96410256410256,96,0,18.267591256066158,6623,102.02564102564102,208,0,54.45090817428571,19895,195
213051361,4.33360637175126,6.9444742449661,2.79254858114612,0.8352029779181074,936.058976298271,0.049505092592592594,0.3951,0.0064,0.049675466987804985,10.6931,30.685185185185187,87,0,19.901921444293997,6628,88.4074074074074,217,0,57.180422253260375,19096,216
213051362,5.51727569349501,9.75198515414229,4.07466524886136,1.33835386634177,1169.66244702094,0.03307264150943396,0.2743,0.007,0.020715049514825716,7.0114,33.65094339622642,66,0,14.614828834256004,7134,91.83018867924528,212,0,43.053250769947276,19468,212
213051363,10.2334797663569,15.1473222000412,6.05284439347413,2.9192879508019423,1422.4536875236,0.15986906474820145,1.5996,0.0117,0.3034620924799461,22.221799999999998,24.287769784172664,72,0,21.22523948903537,3376,63.273381294964025,185,0,56.56659609306944,8795,139
213051365,2.69241298871563,5.62388095505289,0.15620553207055,1.1967206349131148,788.87700569368,0.2120887372013652,13.4359,0.0073,1.223041536040197,62.142,36.65529010238908,152,0,18.966461413843454,10740,118.7815699658703,496,0,55.351678288084344,34803,293
213051366,4.82548910415453,7.11180356982889,0.740687572906207,1.1203925198075457,1023.00369008076,0.1285948113207547,3.9748,0.0097,0.4931105704730801,27.2621,33.68867924528302,181,0,20.579225344577107,7142,110.35377358490567,1070,0,89.03677463204406,23395,212
213051368,13.2556054327832,59.275785639024,0.898428559927951,7.783350714482798,2386.00897790097,0.6321316666666666,64.7456,0.0073,4.890046905825177,113.7837,26.97222222222222,175,0,22.610234137920166,4855,61.08888888888889,178,0,45.87452998725797,10996,180
213051369,6.34452788341115,16.7846575618428,0.348843572176893,3.5852827560793328,1465.58594106798,0.30821601731601733,29.0543,0.0099,2.2233177992935182,71.1979,34.57575757575758,71,0,18.681823791708702,7987,100.77922077922078,221,0,56.76326660712819,23280,231
213051464,16.7986365348,19.3415217231612,8.63430174376145,1.979684278748022,2603.78866289401,0.12280967741935483,3.4256,0.0087,0.40212849157565084,19.0355,28.412903225806453,107,0,22.185986889111348,4404,78.54838709677419,222,0,62.871771539161834,12175,155
213051465,10.7847960429938,17.3232593114658,6.19388066909787,3.4360563240598196,2189.31359672775,0.04165665024630542,0.3582,0.0083,0.03957789402752873,8.4563,37.6551724137931,279,0,23.98368484939866,7644,113.35467980295566,445,0,57.40012691253552,23011,203
213051466,9.9121489873626,14.9204699438085,6.8931387931405,2.2154825088492758,1169.63358050879,0.07984915254237288,2.3441,0.0119,0.27150701829268,9.4222,41,88,0,17.94340580731016,4838,122.27966101694915,265,0,55.257112408078115,14429,118
213051467,10.2345236152837,16.9486196140278,5.55412403993161,3.2581728872250904,2128.780911979,0.03634615384615385,0.2582,0.0102,0.028492799066820503,7.56,35.75480769230769,177,0,19.950723739769863,7437,93.54326923076923,235,0,46.723237480524226,19457,208
213051468,17.0504112566573,29.8954896032013,0.0976923075215369,6.8152313178762896,2540.51127724194,0.8566449664429531,52.4534,0.0067,5.36396656667781,127.6401,31.523489932885905,125,0,18.244060082081898,4697,78.80536912751678,264,0,46.95551054964358,11742,149
214011370,11.8734227581793,14.1485414420174,3.93495995628162,1.9538423644868375,3051.46964885209,0.0788852140077821,2.4743,0.0052,0.23464492826107583,20.2735,31.91828793774319,162,0,23.542787182221925,8203,80.1556420233463,224,0,54.04807518250629,20600,257
214011371,12.6154520473165,15.6268826924311,7.24574267945218,1.78389694413549,4945.25720254805,0.029291581632653062,0.505,0.0045,0.03136953016154337,11.4823,28.191326530612244,172,0,19.538842585765277,11051,57.410714285714285,209,0,40.84024377386785,22505,392
214011372,14.8472777432079,16.0593300870604,12.7316475891479,0.9058968708334664,3904.83404646367,0.05033574144486692,1.4732,0.0036,0.15382087014355092,13.2383,32.452471482889734,73,0,16.694053872806123,8535,73.36501901140684,197,0,38.626364358664915,19295,263
214011373,8.84574900119222,12.1402726174773,4.71952191692604,1.8675459064811584,1919.52753325871,0.06628847926267281,0.9489,0.0015,0.09987344587392691,14.3846,33.22119815668203,431,0,32.57877792029647,7209,82.24884792626727,693,0,63.46231610803542,17848,217
214011374,11.8068191627262,15.4029757431466,3.53201157957189,2.2450178563820167,3294.10254640062,0.13244193548387098,2.8841,0.0028,0.2997865860773692,36.9513,32.229390681003586,132,0,18.376490200074606,8992,84.5663082437276,204,0,49.39936078932452,23594,279
214011375,11.5316830870962,13.1175101723296,7.30517705368955,1.3401390901229744,3955.36729887398,0.03607172011661808,0.7983,0.0033,0.06376897437348811,12.3726,22.94460641399417,138,0,20.645571259643912,7870,47.52769679300292,175,0,42.56819389202969,16302,343
214011376,7.98382742274667,13.015897776974,3.50071344263689,2.668470366448304,1093.78435691629,0.14463649635036496,9.6412,0.0103,0.8419899776611072,19.8152,33.481751824817515,68,0,17.342612510035803,4587,95.61313868613139,229,0,52.2919193193903,13099,137
214021377,7.82968160882214,12.4338057475767,2.35106175803265,1.885281178442341,2254.94830334078,0.15589895833333334,12.2507,0.0047,0.7989524374990483,44.8989,27.520833333333332,135,0,19.922661881535635,7926,37.888888888888886,215,0,31.706320303579634,10912,288
214021378,4.36954118804434,15.7634458973749,0.046712315805858,4.244928133115603,900.125484737134,1.2561645631067961,16.3563,2e-4,2.3694732873097952,258.7699,17.16990291262136,58,0,16.487549389420394,3537,24.16504854368932,174,0,27.472415287064752,4978,206
214021379,2.96498268921114,4.75046092061773,0.0924347261728346,1.2836121250256423,1129.65840458944,0.2854753280839895,9.8065,0.0037,0.9311729326472918,108.7661,26.47244094488189,187,0,23.186484302051195,10086,57.889763779527556,763,0,62.49049127833138,22056,381
214021380,4.73337815026508,5.48647462724024,3.21574427848297,0.495364424377322,1846.01747860338,0.05333923076923077,2.2306,0.0022,0.16852589550101674,20.8023,28.625641025641027,233,0,26.214918709689698,11164,60.825641025641026,390,0,55.120763507406565,23722,390
214021381,5.17388315806649,6.72381307979544,3.39305158371252,0.6034921627436935,1262.42749056822,0.09500901639344263,2.7597,0.0022,0.2349138611078374,23.182199999999998,28.06967213114754,77,0,19.315425462500418,6849,73.28688524590164,231,0,53.90373671101703,17882,244
214021382,4.99912581792517,6.22484363450248,3.29542219176085,0.6975210807714953,1509.7359970134,0.0997592715231788,11.0575,0.0024,0.6400176460634169,30.127299999999998,26.6158940397351,125,0,20.08962011191916,8038,60.705298013245034,222,0,47.53759734364553,18333,302
214021383,4.97289467646054,9.43029046998415,2.97091890119804,1.6488127056630142,3674.96916590434,0.09005345060893098,6.1246,2e-4,0.373208460022527,66.5495,26.90663058186739,74,0,16.736542849254057,19884,22.939106901217862,113,0,19.330118172892465,16952,739
214021384,8.7327274379713,15.258034178313,4.09651990811573,2.7160565763380538,3842.40007270737,0.053902727272727276,1.0232,0.0031,0.08504937942250514,23.717200000000002,31.152272727272727,552,0,31.462918758149925,13707,47.28181818181818,671,0,47.094076702574874,20804,440
214021385,2.2384379089648,8.29644856571022,0.195727898192679,2.2401740096828355,499.17165369915,0.5258385650224215,8.3039,0.003,1.1544797646058669,117.262,31.246636771300448,161,0,20.84622321720471,6968,80,325,0,50.2922092008922,17840,223
